{
  "subreddit": "anxiety",
  "features": {
    "avg_word_count": {
      "mean": 164.33141115280145,
      "std": 11.558657270633065,
      "min": 135.41449814126395,
      "max": 199.61070110701107
    },
    "std_word_count": {
      "mean": 163.41829592110537,
      "std": 22.9970323012791,
      "min": 116.64792349890836,
      "max": 313.9548485123371
    },
    "avg_char_count": {
      "mean": 862.2601229733117,
      "std": 61.695184887905164,
      "min": 705.610594795539,
      "max": 1052.859778597786
    },
    "avg_type_token_ratio": {
      "mean": 0.708792052183747,
      "std": 0.012437400913172286,
      "min": 0.6659601316208345,
      "max": 0.7324508461298719
    },
    "avg_flesch_kincaid": {
      "mean": 8.57438954942432,
      "std": 0.39880256290274574,
      "min": 7.593217432113225,
      "max": 10.084862041819596
    },
    "first_person_singular_ratio": {
      "mean": 0.08538994049093586,
      "std": 0.0015123432536671719,
      "min": 0.07990914858947817,
      "max": 0.08899688025952358
    },
    "first_person_plural_ratio": {
      "mean": 0.0016052588985596347,
      "std": 0.0002682762129991023,
      "min": 0.000962514552442248,
      "max": 0.0027639515692944555
    },
    "avg_compound": {
      "mean": -0.2618540693106409,
      "std": 0.03343765466187292,
      "min": -0.34879723018147085,
      "max": -0.17345289575289574
    },
    "avg_positive": {
      "mean": 0.10248507610796027,
      "std": 0.0030756871454048432,
      "min": 0.09179069767441861,
      "max": 0.11809219088937094
    },
    "avg_negative": {
      "mean": 0.14275348001268665,
      "std": 0.0033460247626161833,
      "min": 0.132646449704142,
      "max": 0.15382882882882878
    },
    "avg_neutral": {
      "mean": 0.7547615543473173,
      "std": 0.004194147452650861,
      "min": 0.7371431670281995,
      "max": 0.7638527131782946
    },
    "pct_very_negative": {
      "mean": 0.5381276410819236,
      "std": 0.02311014125113143,
      "min": 0.48639825897714906,
      "max": 0.627906976744186
    },
    "pct_negative": {
      "mean": 0.10201834512304665,
      "std": 0.011799220771639599,
      "min": 0.05426356589147287,
      "max": 0.13492927094668117
    },
    "pct_neutral": {
      "mean": 0.019233437291765708,
      "std": 0.005845719993878391,
      "min": 0.0,
      "max": 0.03764921946740129
    },
    "pct_positive": {
      "mean": 0.3406205765032641,
      "std": 0.01972937306714752,
      "min": 0.29045643153526973,
      "max": 0.4015444015444015
    },
    "hopelessness_density": {
      "mean": 0.0006675492742613143,
      "std": 0.00011405061442846818,
      "min": 0.0003632448765488872,
      "max": 0.0011579327795155313
    },
    "help_seeking_density": {
      "mean": 0.007118741219443479,
      "std": 0.0006012934121255652,
      "min": 0.005761708363269996,
      "max": 0.009648071514067233
    },
    "distress_density": {
      "mean": 0.02219816666331975,
      "std": 0.0013761517238432897,
      "min": 0.018583709319826447,
      "max": 0.026465589963026254
    },
    "post_volume": {
      "mean": 1083.8028169014085,
      "std": 422.74809249665077,
      "min": 111.0,
      "max": 2195.0
    },
    "avg_comments": {
      "mean": 0.0,
      "std": 0.0,
      "min": 0.0,
      "max": 0.0
    },
    "unique_posters": {
      "mean": 945.425352112676,
      "std": 350.84965783979646,
      "min": 111.0,
      "max": 1920.0
    },
    "new_poster_ratio": {
      "mean": 0.68095731792423,
      "std": 0.12418637504883853,
      "min": 0.5453400503778337,
      "max": 1.0
    },
    "posting_time_entropy": {
      "mean": 2.3871293893972676,
      "std": 1.341443199470397,
      "min": 0.0,
      "max": 3.15879957455457
    },
    "dominant_topic": {
      "mean": 0.0,
      "std": 0.0,
      "min": 0.0,
      "max": 0.0
    },
    "topic_entropy": {
      "mean": 0.0,
      "std": 0.0,
      "min": 0.0,
      "max": 0.0
    },
    "topic_shift_jsd": {
      "mean": 0.0,
      "std": 0.0,
      "min": 0.0,
      "max": 0.0
    },
    "avg_word_count_delta": {
      "mean": -0.032226805460266274,
      "std": 8.417639875506948,
      "min": -31.29734494605509,
      "max": 31.16652290588459
    },
    "std_word_count_delta": {
      "mean": 0.004321679006726542,
      "std": 26.38400829841381,
      "min": -113.29518960781624,
      "max": 86.55669515898586
    },
    "avg_char_count_delta": {
      "mean": -0.1622612040456344,
      "std": 44.152333182745565,
      "min": -170.2518910855283,
      "max": 164.4150613379337
    },
    "avg_type_token_ratio_delta": {
      "mean": 7.590485290229483e-05,
      "std": 0.007040278435306276,
      "min": -0.020075614723001567,
      "max": 0.051540692118479337
    },
    "avg_flesch_kincaid_delta": {
      "mean": 0.0026481296016522037,
      "std": 0.34652421350094814,
      "min": -1.4180074642283955,
      "max": 1.4170701507936379
    },
    "first_person_singular_ratio_delta": {
      "mean": -1.0445265355665225e-05,
      "std": 0.0018007467105586056,
      "min": -0.005272308941499632,
      "max": 0.006889988589167534
    },
    "first_person_plural_ratio_delta": {
      "mean": 2.7560212794940624e-07,
      "std": 0.0003092224307849354,
      "min": -0.0010613952201384371,
      "max": 0.0010417187319753302
    },
    "avg_compound_delta": {
      "mean": 5.443320614488377e-05,
      "std": 0.03747132699136364,
      "min": -0.11640012875134606,
      "max": 0.13328865648237134
    },
    "avg_positive_delta": {
      "mean": -4.863733946488269e-06,
      "std": 0.003402871934667942,
      "min": -0.013371836760843123,
      "max": 0.01393991457047937
    },
    "avg_negative_delta": {
      "mean": -1.1570336184514916e-05,
      "std": 0.003674429335392713,
      "min": -0.012494435732712833,
      "max": 0.01482957417917205
    },
    "avg_neutral_delta": {
      "mean": 1.65658516297212e-05,
      "std": 0.004428664705334872,
      "min": -0.018880362671384376,
      "max": 0.01481835609243709
    },
    "pct_very_negative_delta": {
      "mean": -0.0001016877847682026,
      "std": 0.02435309465604506,
      "min": -0.09822661144738243,
      "max": 0.07145308581234333
    },
    "pct_negative_delta": {
      "mean": 8.29760714451219e-05,
      "std": 0.014555796477967214,
      "min": -0.042651107696247914,
      "max": 0.05075926515875544
    },
    "pct_neutral_delta": {
      "mean": 6.053789604526086e-06,
      "std": 0.006527774890547056,
      "min": -0.01685838527943791,
      "max": 0.021015000422337164
    },
    "pct_positive_delta": {
      "mean": 1.2657923718554654e-05,
      "std": 0.023349469243245078,
      "min": -0.0676221400603026,
      "max": 0.07108351459355561
    },
    "hopelessness_density_delta": {
      "mean": -4.6975962421705903e-07,
      "std": 0.0001626905287855827,
      "min": -0.0005615158281537012,
      "max": 0.0006759673919773724
    },
    "help_seeking_density_delta": {
      "mean": -1.8961472830345444e-06,
      "std": 0.0007234809714807377,
      "min": -0.003525565045553165,
      "max": 0.0033015450387632247
    },
    "distress_density_delta": {
      "mean": -2.0489298475132032e-06,
      "std": 0.0011886138910106544,
      "min": -0.006396950609618989,
      "max": 0.005072645261863067
    },
    "post_volume_delta": {
      "mean": 2.715492957746479,
      "std": 135.2453542001962,
      "min": -693.0,
      "max": 1013.0
    },
    "avg_comments_delta": {
      "mean": 0.0,
      "std": 0.0,
      "min": 0.0,
      "max": 0.0
    },
    "unique_posters_delta": {
      "mean": 2.152112676056338,
      "std": 110.84892994949352,
      "min": -693.0,
      "max": 738.0
    },
    "new_poster_ratio_delta": {
      "mean": -0.0011247556513457972,
      "std": 0.03354477105478744,
      "min": -0.2645914396887159,
      "max": 0.12876174046386812
    },
    "posting_time_entropy_delta": {
      "mean": 0.008875182630027992,
      "std": 0.2771547628751167,
      "min": -2.765435935605386,