{
  "type": "platt",
  "coef": 0.746083646714948,
  "intercept": 1.2113481412230247
}