{
  "type": "platt",
  "coef": 1.5598312955152227,
  "intercept": 0.7983424199645629
}