{
  "type": "platt",
  "coef": 0.179888889538355,
  "intercept": 1.536229573289315
}