{
  "subreddit": "anxiety",
  "features": {
    "avg_word_count": {
      "mean": 160.16459758962532,
      "std": 28.361721429002145,
      "min": 0.0,
      "max": 199.61070110701107
    },
    "std_word_count": {
      "mean": 159.12777303637864,
      "std": 34.310279311457975,
      "min": 0.0,
      "max": 313.9548485123371
    },
    "avg_char_count": {
      "mean": 840.3113730083157,
      "std": 149.2260547978863,
      "min": 0.0,
      "max": 1052.859778597786
    },
    "avg_type_token_ratio": {
      "mean": 0.6906420912979641,
      "std": 0.11239456892587747,
      "min": 0.0,
      "max": 0.7324508461298719
    },
    "avg_flesch_kincaid": {
      "mean": 8.342148063923709,
      "std": 1.4028324318796532,
      "min": 0.0,
      "max": 9.630111836794406
    },
    "first_person_singular_ratio": {
      "mean": 0.08325669644468715,
      "std": 0.013548811696126007,
      "min": 0.0,
      "max": 0.08899688025952358
    },
    "first_person_plural_ratio": {
      "mean": 0.0015721150293822965,
      "std": 0.0003660403218497278,
      "min": 0.0,
      "max": 0.002763951569294456
    },
    "avg_compound": {
      "mean": -0.2545282248959732,
      "std": 0.05287094682627099,
      "min": -0.34879723018147085,
      "max": 0.0
    },
    "avg_positive": {
      "mean": 0.09995546896649606,
      "std": 0.01644978883698822,
      "min": 0.0,
      "max": 0.11809219088937094
    },
    "avg_negative": {
      "mean": 0.13914481087007557,
      "std": 0.02275093790080213,
      "min": 0.0,
      "max": 0.1538288288288288
    },
    "avg_neutral": {
      "mean": 0.7354759721014258,
      "std": 0.11903056085892963,
      "min": 0.0,
      "max": 0.7638527131782946
    },
    "pct_very_negative": {
      "mean": 0.5241549503616493,
      "std": 0.08784530067479099,
      "min": 0.0,
      "max": 0.627906976744186
    },
    "pct_negative": {
      "mean": 0.09943857267757565,
      "std": 0.01990495528386631,
      "min": 0.0,
      "max": 0.13492927094668117
    },
    "pct_neutral": {
      "mean": 0.018624607012045605,
      "std": 0.006520428236530548,
      "min": 0.0,
      "max": 0.03764921946740129
    },
    "pct_positive": {
      "mean": 0.33235814113517015,
      "std": 0.05718943248774721,
      "min": 0.0,
      "max": 0.4015444015444015
    },
    "hopelessness_density": {
      "mean": 0.00048227783455630994,
      "std": 0.00012029348949699396,
      "min": 0.0,
      "max": 0.0010023850425074942
    },
    "help_seeking_density": {
      "mean": 0.006673996877818265,
      "std": 0.001234100966258391,
      "min": 0.0,
      "max": 0.009503160189970238
    },
    "distress_density": {
      "mean": 0.020274346576212274,
      "std": 0.003526103830484129,
      "min": 0.0,
      "max": 0.02487662500902846
    },
    "suicidality_total": {
      "mean": 37.355932203389834,
      "std": 15.075555936866436,
      "min": 0.0,
      "max": 79.0
    },
    "isolation_total": {
      "mean": 155.73446327683615,
      "std": 61.93744078469477,
      "min": 0.0,
      "max": 334.0
    },
    "economic_stress_total": {
      "mean": 37.293785310734464,
      "std": 16.180939222721754,
      "min": 0.0,
      "max": 79.0
    },
    "domestic_stress_total": {
      "mean": 4.822033898305085,
      "std": 2.956621289457373,
      "min": 0.0,
      "max": 15.0
    },
    "post_volume": {
      "mean": 1037.6751412429378,
      "std": 441.1160505904393,
      "min": 0.0,
      "max": 2195.0
    },
    "avg_comments": {
      "mean": 0.0,
      "std": 0.0,
      "min": 0.0,
      "max": 0.0
    },
    "unique_posters": {
      "mean": 905.1751412429378,
      "std": 367.6131385894385,
      "min": 0.0,
      "max": 1920.0
    },
    "new_poster_ratio": {
      "mean": 0.6657085809508203,
      "std": 0.1640060389394234,
      "min": 0.0,
      "max": 1.0
    },
    "posting_time_entropy": {
      "mean": 2.3050241323469343,
      "std": 1.3880955443523464,
      "min": 0.0,
      "max": 3.15879957455457
    },
    "dominant_topic": {
      "mean": 0.0,
      "std": 0.0,
      "min": 0.0,
      "max": 0.0
    },
    "topic_entropy": {
      "mean": 0.0,
      "std": 0.0,
      "min": 0.0,
      "max": 0.0
    },
    "topic_shift_jsd": {
      "mean": 0.0,
      "std": 0.0,
      "min": 0.0,
      "max": 0.0
    },
    "avg_word_count_delta": {
      "mean": -0.03202860444321585,
      "std": 20.25138944316554,
      "min": -177.16209476309226,
      "max": 188.331569664903
    },
    "std_word_count_delta": {
      "mean": -0.009430204758089684,
      "std": 30.73224120254831,
      "min": -160.61801205068258,
      "max": 187.87532764790058
    },
    "avg_char_count_delta": {
      "mean": -0.1776537665536463,
      "std": 106.18704423417363,
      "min": -931.7381546134663,
      "max": 983.4656084656085
    },
    "avg_type_token_ratio_delta": {
      "mean": 6.113883248440797e-05,
      "std": 0.07436529890197735,
      "min": -0.6937891501170595,
      "max": 0.6979217722754902
    },
    "avg_flesch_kincaid_delta": {
      "mean": 0.002756463491922411,
      "std": 0.9474349980053814,
      "min": -8.669827597740738,
      "max": 8.402524118218144
    },
    "first_person_singular_ratio_delta": {
      "mean": -1.9270713644163832e-06,
      "std": 0.009325558724320669,
      "min": -0.08699620319116422,
      "max": 0.08627655488961024
    },
    "first_person_plural_ratio_delta": {
      "mean": 1.4532367009918325e-07,
      "std": 0.0003486072412857073,
      "min": -0.0012499058319500513,
      "max": 0.0019595004881661875
    },
    "avg_compound_delta": {
      "mean": 9.426622935538287e-05,
      "std": 0.048501843943477264,
      "min": -0.28867146198830407,
      "max": 0.34139600997506236
    },
    "avg_positive_delta": {
      "mean": -4.542016319436774e-06,
      "std": 0.011409233672051022,
      "min": -0.10377461139896374,
      "max": 0.10723985890652557
    },
    "avg_negative_delta": {
      "mean": -1.9261556337339597e-05,
      "std": 0.015887117055545276,
      "min": -0.14719689119170987,
      "max": 0.1496362573099415
    },
    "avg_neutral_delta": {
      "mean": 2.3889672772346725e-05,
      "std": 0.0802049883968756,
      "min": -0.7632917705735662,
      "max": 0.7514550264550265
    },
    "pct_very_negative_delta": {
      "mean": -0.0001005569627983358,
      "std": 0.06488435392342898,
      "min": -0.5985037406483791,
      "max": 0.5777777777777777
    },
    "pct_negative_delta": {
      "mean": 5.578596695003637e-05,
      "std": 0.017500846318780714,
      "min": -0.09326424870466321,
      "max": 0.09876543209876543
    },
    "pct_neutral_delta": {
      "mean": 9.377479789511398e-06,
      "std": 0.006649491345272541,
      "min": -0.01685838527943791,
      "max": 0.02292768959435626
    },
    "pct_positive_delta": {
      "mean": 3.539351605878784e-05,
      "std": 0.041754851782238186,
      "min": -0.31865284974093266,
      "max": 0.36331569664902996
    },
    "hopelessness_density_delta": {
      "mean": -5.764373402473531e-07,
      "std": 0.00013950770192223494,
      "min": -0.0005168414683952856,
      "max": 0.0005325543302677283
    },
    "help_seeking_density_delta": {
      "mean": -3.155255164112047e-06,
      "std": 0.0010598128236534233,
      "min": -0.008330374875329801,
      "max": 0.007671636628973214
    },
    "distress_density_delta": {
      "mean": -4.3354524416526524e-06,
      "std": 0.002579973517103624,
      "min": -0.02411432936945538,
      "max": 0.022743036791439034
    },
    "suicidality_total_delta": {
      "mean": 0.05367231638418079,
      "std": 13.583649168007643,
      "min": -41.0,
      "max": 54.0
    },
    "isolation_total_delta": {
      "mean": 0.2768361581920904,
      "std": 34.032515282848685,
      "min": -100.0,
      "max": 153.0
    },
    "economic_stress_total_delta": {
      "mean": 0.0847457627118644,
      "std": 11.89060829040789,
      "min": -40.0,
      "max": 40.0
    },