{
  "type": "platt",
  "coef": 1.6856503268791454,
  "intercept": 0.7809760481482068
}