{
  "type": "platt",
  "coef": 1.949957215777333,
  "intercept": -1.0056524943490412
}