{
  "subreddit": "depression",
  "features": {
    "avg_word_count": {
      "mean": 170.62769083532126,
      "std": 46.9698648332043,
      "min": 0.0,
      "max": 210.6527487821851
    },
    "std_word_count": {
      "mean": 192.77741217590747,
      "std": 57.973132247028886,
      "min": 0.0,
      "max": 319.1536917099618
    },
    "avg_char_count": {
      "mean": 879.6454434000395,
      "std": 242.2680728587865,
      "min": 0.0,
      "max": 1088.4773834377174
    },
    "avg_type_token_ratio": {
      "mean": 0.6459364502917316,
      "std": 0.17465824695635834,
      "min": 0.0,
      "max": 0.7116458249085226
    },
    "avg_flesch_kincaid": {
      "mean": 7.693826244673539,
      "std": 2.175798319896337,
      "min": 0.0,
      "max": 12.975872468056627
    },
    "first_person_singular_ratio": {
      "mean": 0.09005471003437082,
      "std": 0.024422291190905474,
      "min": 0.0,
      "max": 0.1011185005099647
    },
    "first_person_plural_ratio": {
      "mean": 0.0017043017660315182,
      "std": 0.0005043330060331239,
      "min": 0.0,
      "max": 0.002525244534479001
    },
    "avg_compound": {
      "mean": -0.2640876867558698,
      "std": 0.07548608665124781,
      "min": -0.3575767346938776,
      "max": 0.0
    },
    "avg_positive": {
      "mean": 0.1085561125489111,
      "std": 0.029415054733954244,
      "min": 0.0,
      "max": 0.12335516372795968
    },
    "avg_negative": {
      "mean": 0.14637365765049568,
      "std": 0.03961550216176409,
      "min": 0.0,
      "max": 0.16421341463414632
    },
    "avg_neutral": {
      "mean": 0.6772737246960328,
      "std": 0.18293262612088,
      "min": 0.0,
      "max": 0.7351746987951807
    },
    "pct_very_negative": {
      "mean": 0.5188822025195167,
      "std": 0.14108312662912614,
      "min": 0.0,
      "max": 0.6244897959183674
    },
    "pct_negative": {
      "mean": 0.08564637163174466,
      "std": 0.02460492215522339,
      "min": 0.0,
      "max": 0.11845102505694761
    },
    "pct_neutral": {
      "mean": 0.02176684475583574,
      "std": 0.007948529366110322,
      "min": 0.0,
      "max": 0.03620803159973667
    },
    "pct_positive": {
      "mean": 0.3059079709234114,
      "std": 0.08399005650771049,
      "min": 0.0,
      "max": 0.4186746987951807
    },
    "hopelessness_density": {
      "mean": 0.0019070751619656811,
      "std": 0.0005577468640592518,
      "min": 0.0,
      "max": 0.002760008450928543
    },
    "help_seeking_density": {
      "mean": 0.0035075145563054615,
      "std": 0.001035078468155588,
      "min": 0.0,
      "max": 0.005483462111796935
    },
    "distress_density": {
      "mean": 0.010469354277899513,
      "std": 0.006952611365437818,
      "min": 0.0,
      "max": 0.12951183275330375
    },
    "suicidality_total": {
      "mean": 516.3587570621469,
      "std": 223.65132108190238,
      "min": 0.0,
      "max": 1490.0
    },
    "isolation_total": {
      "mean": 663.3022598870057,
      "std": 263.38703981546587,
      "min": 0.0,
      "max": 1252.0
    },
    "economic_stress_total": {
      "mean": 162.02542372881356,
      "std": 69.26552701613392,
      "min": 0.0,
      "max": 320.0
    },
    "domestic_stress_total": {
      "mean": 17.389830508474578,
      "std": 8.485649173606982,
      "min": 0.0,
      "max": 44.0
    },
    "post_volume": {
      "mean": 1691.550847457627,
      "std": 653.6541469815176,
      "min": 0.0,
      "max": 3258.0
    },
    "avg_comments": {
      "mean": 0.0,
      "std": 0.0,
      "min": 0.0,
      "max": 0.0
    },
    "unique_posters": {
      "mean": 1507.90395480226,
      "std": 584.4883303479438,
      "min": 0.0,
      "max": 3258.0
    },
    "new_poster_ratio": {
      "mean": 0.649906511029321,
      "std": 0.20391762472131308,
      "min": 0.0,
      "max": 1.0
    },
    "posting_time_entropy": {
      "mean": 2.3098508165809633,
      "std": 1.3911035156299687,
      "min": 0.0,
      "max": 3.1626029359253303
    },
    "dominant_topic": {
      "mean": 0.0,
      "std": 0.0,
      "min": 0.0,
      "max": 0.0
    },
    "topic_entropy": {
      "mean": 0.0,
      "std": 0.0,
      "min": 0.0,
      "max": 0.0
    },
    "topic_shift_jsd": {
      "mean": 0.0,
      "std": 0.0,
      "min": 0.0,
      "max": 0.0
    },
    "avg_word_count_delta": {
      "mean": 0.023135158811436584,
      "std": 48.621342945698814,
      "min": -199.63579697239538,
      "max": 190.7612293144208
    },
    "std_word_count_delta": {
      "mean": 0.027680824354897413,
      "std": 60.606289464679186,
      "min": -319.1536917099618,
      "max": 319.1536917099618
    },
    "avg_char_count_delta": {
      "mean": 0.0911816918106925,
      "std": 250.931615524706,
      "min": -1033.1967943009795,
      "max": 987.8747044917258
    },
    "avg_type_token_ratio_delta": {
      "mean": -1.7495012407759205e-05,
      "std": 0.18733968101537837,
      "min": -0.6988195753083373,
      "max": 0.7116458249085226
    },
    "avg_flesch_kincaid_delta": {
      "mean": 0.0031303854889418318,
      "std": 2.3397262774509526,
      "min": -11.522990012449378,
      "max": 11.522990012449378
    },
    "first_person_singular_ratio_delta": {
      "mean": 2.0023047065930815e-05,
      "std": 0.02571864186747839,
      "min": -0.09759951598772965,
      "max": 0.09743589868172932
    },
    "first_person_plural_ratio_delta": {
      "mean": 9.273126560591276e-07,
      "std": 0.0005712103222141733,
      "min": -0.002509837080619517,
      "max": 0.0022613901659906993
    },
    "avg_compound_delta": {
      "mean": -0.00013720447448218408,
      "std": 0.07932523441667975,
      "min": -0.32129510086455326,
      "max": 0.3276412280701755
    },
    "avg_positive_delta": {
      "mean": -2.290519033532104e-05,
      "std": 0.031986611417813296,
      "min": -0.12335516372795968,
      "max": 0.12172228704784133
    },
    "avg_negative_delta": {
      "mean": 1.4738829660651714e-06,
      "std": 0.04267700612351086,
      "min": -0.162,
      "max": 0.16277985219758848
    },
    "avg_neutral_delta": {
      "mean": 2.1449313539952134e-05,
      "std": 0.19696794336178874,
      "min": -0.7310366972477064,
      "max": 0.7351746987951807
    },
    "pct_very_negative_delta": {
      "mean": 6.087924884017433e-05,
      "std": 0.15254327022225697,
      "min": -0.59613196814562,
      "max": 0.59613196814562
    },
    "pct_negative_delta": {
      "mean": 1.3919228765471322e-05,
      "std": 0.02577948944261431,
      "min": -0.1096938775510204,
      "max": 0.1096938775510204
    },
    "pct_neutral_delta": {
      "mean": 2.367254403115382e-05,
      "std": 0.006876040479826929,
      "min": -0.025936599423631124,
      "max": 0.0267639902676399
    },
    "pct_positive_delta": {
      "mean": -9.847102163680049e-05,
      "std": 0.09341619436145797,
      "min": -0.3647959183673469,
      "max": 0.4186746987951807
    },
    "hopelessness_density_delta": {
      "mean": 8.168635082171341e-07,
      "std": 0.0005939132751069066,
      "min": -0.002722481918841974,
      "max": 0.0026399513378671056
    },
    "help_seeking_density_delta": {
      "mean": -3.654864314220007e-06,
      "std": 0.0012303429687307683,
      "min": -0.005411158359429075,
      "max": 0.005483462111796935
    },
    "distress_density_delta": {
      "mean": -7.820416468125134e-06,
      "std": 0.009516261115474546,
      "min": -0.11865142711645305,
      "max": 0.1187272021338179
    },
    "suicidality_total_delta": {
      "mean": -0.3644067796610169,
      "std": 185.75012909168893,
      "min": -1490.0,
      "max": 1490.0
    },
    "isolation_total_delta": {
      "mean": -0.2457627118644068,
      "std": 158.8679286379095,
      "min": -561.0,
      "max": 1096.0
    },
    "economic_stress_total_delta": {
      "mean": 0.11864406779661017,
      "std": 44.32256911552434,
      "min": -133.0,
      "max": 246.0
    },