{
  "subreddit": "depression",
  "features": {
    "avg_word_count": {
      "mean": 183.19793059346335,
      "std": 9.389197250300098,
      "min": 157.1227651966627,
      "max": 210.6527487821851
    },
    "std_word_count": {
      "mean": 206.6287102616363,
      "std": 26.180110773709675,
      "min": 140.02049201407723,
      "max": 319.15369170996183
    },
    "avg_char_count": {
      "mean": 944.3902912544801,
      "std": 48.99320949292883,
      "min": 808.1829558998808,
      "max": 1088.4773834377174
    },
    "avg_type_token_ratio": {
      "mean": 0.6927650964030241,
      "std": 0.00891124211223337,
      "min": 0.6662117214830879,
      "max": 0.7116458249085226
    },
    "avg_flesch_kincaid": {
      "mean": 8.26729044737489,
      "std": 0.6645249356595228,
      "min": 7.132450649569644,
      "max": 12.975872468056627
    },
    "first_person_singular_ratio": {
      "mean": 0.09668465708126478,
      "std": 0.002329627578985141,
      "min": 0.0903851638124674,
      "max": 0.10215254863094854
    },
    "first_person_plural_ratio": {
      "mean": 0.0018234733918877275,
      "std": 0.00021374701548828394,
      "min": 0.0011911760630228514,
      "max": 0.002525244534479001
    },
    "avg_compound": {
      "mean": -0.2840210728121666,
      "std": 0.025705172801186043,
      "min": -0.3575767346938775,
      "max": -0.15220030120481928
    },
    "avg_positive": {
      "mean": 0.11641375875468678,
      "std": 0.002467437355268788,
      "min": 0.11038933601609659,
      "max": 0.12335516372795968
    },
    "avg_negative": {
      "mean": 0.15706276192128493,
      "std": 0.0026772718647977427,
      "min": 0.14516265060240963,
      "max": 0.16421341463414632
    },
    "avg_neutral": {
      "mean": 0.7265235952986134,
      "std": 0.00322543114317267,
      "min": 0.7154904706339946,
      "max": 0.7351746987951808
    },
    "pct_very_negative": {
      "mean": 0.5570025235730842,
      "std": 0.01694245682988273,
      "min": 0.49096385542168675,
      "max": 0.6244897959183674
    },
    "pct_negative": {
      "mean": 0.09183460301682993,
      "std": 0.008626047444525138,
      "min": 0.06927710843373494,
      "max": 0.11845102505694761
    },
    "pct_neutral": {
      "mean": 0.02343063813854074,
      "std": 0.0055010533161000495,
      "min": 0.0,
      "max": 0.03620803159973667
    },
    "pct_positive": {
      "mean": 0.3277322352715451,
      "std": 0.015728104860083733,
      "min": 0.28296703296703296,
      "max": 0.4186746987951807
    },
    "hopelessness_density": {
      "mean": 0.002238149482571642,
      "std": 0.00023272260837926852,
      "min": 0.0016803287720500832,
      "max": 0.0033658818903706655
    },
    "help_seeking_density": {
      "mean": 0.003981074998301597,
      "std": 0.0004390022051860037,
      "min": 0.0032373387067521765,
      "max": 0.005970718408739897
    },
    "distress_density": {
      "mean": 0.011617552652642403,
      "std": 0.006487347866999843,
      "min": 0.009965037294574637,
      "max": 0.12997740978041067
    },
    "post_volume": {
      "mean": 1824.5970588235293,
      "std": 481.0355342820959,
      "min": 245.0,
      "max": 3258.0
    },
    "avg_comments": {
      "mean": 0.0,
      "std": 0.0,
      "min": 0.0,
      "max": 0.0
    },
    "unique_posters": {
      "mean": 1626.9411764705883,
      "std": 431.6840072035423,
      "min": 245.0,
      "max": 3258.0
    },
    "new_poster_ratio": {
      "mean": 0.6967258328270286,
      "std": 0.10598807313746247,
      "min": 0.5683018867924529,
      "max": 1.0
    },
    "posting_time_entropy": {
      "mean": 2.4975570202807424,
      "std": 1.2738741727833593,
      "min": 0.0,
      "max": 3.1626029359253303
    },
    "dominant_topic": {
      "mean": 0.0,
      "std": 0.0,
      "min": 0.0,
      "max": 0.0
    },
    "topic_entropy": {
      "mean": 0.0,
      "std": 0.0,
      "min": 0.0,
      "max": 0.0
    },
    "topic_shift_jsd": {
      "mean": 0.0,
      "std": 0.0,
      "min": 0.0,
      "max": 0.0
    },
    "avg_word_count_delta": {
      "mean": 0.0462482377734273,
      "std": 9.02390991502441,
      "min": -25.525694854358278,
      "max": 27.71491124713083
    },
    "std_word_count_delta": {
      "mean": 0.16065855823881334,
      "std": 33.15477292605415,
      "min": -150.9276839553385,
      "max": 146.83565827757104
    },
    "avg_char_count_delta": {
      "mean": 0.2176263727103597,
      "std": 46.62568079559623,
      "min": -131.01279534055482,
      "max": 145.62292425401677
    },
    "avg_type_token_ratio_delta": {
      "mean": -1.760640207849639e-05,
      "std": 0.006492950751471706,
      "min": -0.0217804794820442,
      "max": 0.03518094629884605
    },
    "avg_flesch_kincaid_delta": {
      "mean": 0.004547370436519634,
      "std": 0.7569198773013908,
      "min": -4.883076491790714,
      "max": 4.8703425609533895
    },
    "first_person_singular_ratio_delta": {
      "mean": 1.9770576021535902e-05,
      "std": 0.0015433165787849298,
      "min": -0.004184739937440077,
      "max": 0.003908010072677881
    },
    "first_person_plural_ratio_delta": {
      "mean": 1.1724727107755365e-06,
      "std": 0.0002570594044715017,
      "min": -0.0007214100504254297,
      "max": 0.0008536811121021928
    },
    "avg_compound_delta": {
      "mean": -0.00011380404100722069,
      "std": 0.028473383676686406,
      "min": -0.10015042343286187,
      "max": 0.10920439207261853
    },
    "avg_positive_delta": {
      "mean": -1.9879188175258233e-05,
      "std": 0.002641987944026757,
      "min": -0.008441395975327046,
      "max": 0.008541351048205345
    },
    "avg_negative_delta": {
      "mean": -3.0113537800341754e-06,
      "std": 0.0030326415850534024,
      "min": -0.01122012451720758,
      "max": 0.012895320412083133
    },
    "avg_neutral_delta": {
      "mean": 2.289709546794057e-05,
      "std": 0.0036425768244523564,
      "min": -0.012732354749812158,
      "max": 0.012718489168717095
    },
    "pct_very_negative_delta": {
      "mean": 2.107747749170147e-05,
      "std": 0.01932696106565598,
      "min": -0.07547197553372942,
      "max": 0.058500542813977985
    },
    "pct_negative_delta": {
      "mean": 2.6915830379090188e-05,
      "std": 0.010806036803662222,
      "min": -0.027803297130077273,
      "max": 0.03080144642110441
    },
    "pct_neutral_delta": {
      "mean": 3.8821333757567787e-05,
      "std": 0.005419979695572979,
      "min": -0.01776138667612094,
      "max": 0.0196078431372549
    },
    "pct_positive_delta": {
      "mean": -8.681464162835936e-05,
      "std": 0.017220058700385368,
      "min": -0.06706789350217501,
      "max": 0.07178474664207068
    },
    "hopelessness_density_delta": {
      "mean": 2.754418395534837e-07,
      "std": 0.00029397229855368935,
      "min": -0.0012443243072398254,
      "max": 0.0008969613171853951
    },
    "help_seeking_density_delta": {
      "mean": -3.07684892098914e-06,
      "std": 0.0004060917859267388,
      "min": -0.0015343279772362384,
      "max": 0.0012121705325497415
    },
    "distress_density_delta": {
      "mean": -8.018471097618928e-06,
      "std": 0.009144088641604386,
      "min": -0.11871280390208222,
      "max": 0.11875338282165454
    },
    "post_volume_delta": {
      "mean": 0.18823529411764706,
      "std": 319.9298685729987,
      "min": -1407.0,
      "max": 2105.0
    },
    "avg_comments_delta": {
      "mean": 0.0,
      "std": 0.0,
      "min": 0.0,
      "max": 0.0
    },
    "unique_posters_delta": {
      "mean": -0.5147058823529411,
      "std": 291.2583872795429,
      "min": -1407.0,
      "max": 2105.0
    },
    "new_poster_ratio_delta": {
      "mean": -0.0009881730469965763,
      "std": 0.03140410661365053,
      "min": -0.28011011699931176,
      "max": 0.08198591076819861
    },
    "posting_time_entropy_delta": {
      "mean": 0.009243838868738342,
      "std": 0.28125754097945527,
      "min": -2.646641784486401,