{
  "type": "platt",
  "coef": 2.1385050452297083,
  "intercept": -1.4362891748211664
}