{
  "type": "platt",
  "coef": 0.8617296975320798,
  "intercept": -0.6456101866360155
}