{
  "type": "platt",
  "coef": 2.1269626466349654,
  "intercept": -1.3984114103382541
}