{
  "type": "platt",
  "coef": -0.019307783165729706,
  "intercept": 3.1285432095765846
}