{
  "type": "platt",
  "coef": -0.027574657145880546,
  "intercept": 3.1291756162421462
}