{
  "subreddit": "lonely",
  "features": {
    "avg_negative": {
      "mean": 0.11873522094998774,
      "std": 0.03147630308678564,
      "min": 0.0,
      "max": 0.15823456790123458
    },
    "pct_positive_roll2w": {
      "mean": 0.5218002009472744,
      "std": 0.1302236252224219,
      "min": 0.0,
      "max": 0.6427536231884058
    },
    "avg_compound": {
      "mean": 0.12353856673459189,
      "std": 0.07141534659440114,
      "min": -0.08635308641975309,
      "max": 0.3229695652173913
    },
    "new_poster_ratio": {
      "mean": 0.7911701737347765,
      "std": 0.2358359221633573,
      "min": 0.0,
      "max": 1.0
    },
    "avg_type_token_ratio_delta": {
      "mean": 8.143307943795977e-05,
      "std": 0.12304120576564953,
      "min": -0.717449959551099,
      "max": 0.7475182968868612
    },
    "post_volume_roll2w": {
      "mean": 253.71379310344827,
      "std": 160.3934587630826,
      "min": 0.0,
      "max": 566.5
    },
    "std_word_count_roll2w": {
      "mean": 153.33971205062218,
      "std": 50.606856505703874,
      "min": 0.0,
      "max": 348.2741827697852
    },
    "avg_flesch_kincaid_delta": {
      "mean": 0.0003011812857769536,
      "std": 1.3747575898417457,
      "min": -7.372732364635196,
      "max": 7.3041182152068584
    },
    "posting_time_entropy_roll2w": {
      "mean": 1.0575161947175227,
      "std": 1.446706346655066,
      "min": 0.0,
      "max": 3.134520160556193
    },
    "avg_flesch_kincaid_roll2w": {
      "mean": 6.901575993342208,
      "std": 1.7310844468579702,
      "min": 0.0,
      "max": 8.32104861978235
    },
    "avg_word_count_delta": {
      "mean": -0.13480211859135963,
      "std": 29.855186521456062,
      "min": -154.0441176470588,
      "max": 125.01136363636364
    },
    "avg_positive": {
      "mean": 0.13508734904008862,
      "std": 0.035533420592122895,
      "min": 0.0,
      "max": 0.16285148514851486
    },
    "std_word_count_delta": {
      "mean": -0.15846906274023398,
      "std": 67.02350887013063,
      "min": -428.9566649256692,
      "max": 419.76038605104975
    },
    "pct_neutral_roll2w": {
      "mean": 0.026988963210162954,
      "std": 0.012439680341463097,
      "min": 0.0,
      "max": 0.06600817057473837
    },
    "avg_comments_delta": {
      "mean": 0.0,
      "std": 0.0,
      "min": 0.0,
      "max": 0.0
    },
    "posting_time_entropy_roll4w": {
      "mean": 1.0359876363639424,
      "std": 1.4148337688175558,
      "min": 0.0,
      "max": 3.1344323447234905
    },
    "avg_compound_delta": {
      "mean": 0.000955242295882627,
      "std": 0.08923657419536173,
      "min": -0.2855205882352941,
      "max": 0.2625607921511628
    },
    "distress_density_delta": {
      "mean": -1.1969319857006578e-05,
      "std": 0.0026866184797871614,
      "min": -0.00949612382206268,
      "max": 0.010019562189744041
    },
    "unique_posters_roll4w": {
      "mean": 221.34022988505745,
      "std": 139.1485712978646,
      "min": 0.0,
      "max": 544.5
    },
    "help_seeking_density_roll2w": {
      "mean": 0.0021379220466654224,
      "std": 0.0007690363415597792,
      "min": 0.0,
      "max": 0.004814316481504375
    },
    "avg_negative_roll2w": {
      "mean": 0.11877864493668441,
      "std": 0.029286245053326408,
      "min": 0.0,
      "max": 0.14920281026640675
    },
    "post_volume_roll4w": {
      "mean": 251.25919540229881,
      "std": 153.88885194708536,
      "min": 0.0,
      "max": 544.5
    },
    "hopelessness_density_delta": {
      "mean": 4.913921497302722e-06,
      "std": 0.0006643065238966733,
      "min": -0.002815608356606399,
      "max": 0.0024193770788768537
    },
    "hopelessness_density_roll2w": {
      "mean": 0.000944105160694991,
      "std": 0.00039498431943084964,
      "min": 0.0,
      "max": 0.0023847157307874366
    },
    "week_cos": {
      "mean": -0.05797333129645345,
      "std": 0.7001213661797779,
      "min": -1.0,
      "max": 1.0
    },
    "posting_time_entropy_delta": {
      "mean": 0.02161875006519003,
      "std": 0.40316851597354686,
      "min": -1.8639932850575367,
      "max": 3.0728773525448787
    },
    "avg_char_count": {
      "mean": 700.2982193201973,
      "std": 198.70220370319234,
      "min": 0.0,
      "max": 1068.3471074380166
    },
    "pct_negative_delta": {
      "mean": 3.325847993034067e-05,
      "std": 0.03456631311195723,
      "min": -0.1292156862745098,
      "max": 0.13636363636363635
    },
    "avg_flesch_kincaid_roll4w": {
      "mean": 6.897856573321383,
      "std": 1.5882917390823936,
      "min": 0.0,
      "max": 8.186548943417431
    },
    "post_volume_delta": {
      "mean": 2.3655172413793104,
      "std": 71.41562754914044,
      "min": -313.0,
      "max": 450.0
    },
    "avg_type_token_ratio": {
      "mean": 0.6837144900111646,
      "std": 0.17712111724046228,
      "min": 0.0,
      "max": 0.767635069642951
    },
    "avg_char_count_delta": {
      "mean": -0.6922036361731804,
      "std": 154.4380981212526,
      "min": -791.9705882352941,
      "max": 653.3863636363636
    },
    "avg_comments": {
      "mean": 0.0,
      "std": 0.0,
      "min": 0.0,
      "max": 0.0
    },
    "unique_posters_delta": {
      "mean": 1.6827586206896552,
      "std": 65.40235548853173,
      "min": -313.0,
      "max": 450.0
    },
    "pct_neutral_roll4w": {
      "mean": 0.026896830825530432,
      "std": 0.01026292310795624,
      "min": 0.0,
      "max": 0.05025769646342976
    },
    "pct_negative_roll2w": {
      "mean": 0.09890344732989131,
      "std": 0.02971064904980797,
      "min": 0.0,
      "max": 0.15086782376502
    },
    "first_person_singular_ratio": {
      "mean": 0.07863437879419578,
      "std": 0.020680839650106655,
      "min": 0.0,
      "max": 0.0957945506743437
    },
    "avg_comments_roll4w": {
      "mean": 0.0,
      "std": 0.0,
      "min": 0.0,
      "max": 0.0
    },
    "pct_positive_delta": {
      "mean": 0.0005268981229909058,
      "std": 0.10789886898570612,
      "min": -0.6470588235294118,
      "max": 0.5733333333333334
    },
    "avg_word_count": {
      "mean": 135.9121823127558,
      "std": 38.473228386709394,
      "min": 0.0,
      "max": 203.08264462809916
    },
    "pct_neutral_delta": {
      "mean": 0.0001513653653522583,
      "std": 0.021313667948204752,
      "min": -0.0967741935483871,
      "max": 0.0967741935483871
    },
    "hopelessness_density": {
      "mean": 0.0009465621214436423,
      "std": 0.0005167518644010017,
      "min": 0.0,
      "max": 0.003401338039107607
    }
  },
  "generated_at": "2026-04-03T10:54:53.628480",
  "n_training_weeks": 145
}