{
  "subreddit": "lonely",
  "features": {
    "avg_word_count": {
      "mean": 136.6152167003317,
      "std": 15.395844262786069,
      "min": 99.17629774730656,
      "max": 206.0979228486647
    },
    "std_word_count": {
      "mean": 163.8428719164612,
      "std": 43.877851644017184,
      "min": 97.4593635774216,
      "max": 627.5638068415087
    },
    "avg_char_count": {
      "mean": 704.4413175332176,
      "std": 80.85370000255324,
      "min": 513.3227228207639,
      "max": 1155.299279355659
    },
    "avg_type_token_ratio": {
      "mean": 0.742455278168881,
      "std": 0.018303483475821936,
      "min": 0.6920288516006389,
      "max": 0.7945530056778524
    },
    "avg_flesch_kincaid": {
      "mean": 7.961522849933238,
      "std": 6.553021847338584,
      "min": 6.146773314296044,
      "max": 130.71863442720397
    },
    "first_person_singular_ratio": {
      "mean": 0.08302980158239387,
      "std": 0.0040839649820465385,
      "min": 0.07144284264420624,
      "max": 0.09579455067434371
    },
    "first_person_plural_ratio": {
      "mean": 0.003267501206796531,
      "std": 0.0006367191284080341,
      "min": 0.00035715375040099376,
      "max": 0.00613911366979805
    },
    "avg_compound": {
      "mean": 0.12623588125685203,
      "std": 0.05226475910897097,
      "min": -0.08635308641975308,
      "max": 0.3229695652173913
    },
    "avg_positive": {
      "mean": 0.14511946960576172,
      "std": 0.006057008011385898,
      "min": 0.12234567901234568,
      "max": 0.16285148514851486
    },
    "avg_negative": {
      "mean": 0.1247882930420304,
      "std": 0.006619433062173854,
      "min": 0.1075725806451613,
      "max": 0.15823456790123458
    },
    "avg_neutral": {
      "mean": 0.7300942017201815,
      "std": 0.006162398399930163,
      "min": 0.7050343347639486,
      "max": 0.7588691588785047
    },
    "pct_very_negative": {
      "mean": 0.3032939689154649,
      "std": 0.03223887226803951,
      "min": 0.2087912087912088,
      "max": 0.46511627906976744
    },
    "pct_negative": {
      "mean": 0.10789871004381617,
      "std": 0.017985951318351522,
      "min": 0.028169014084507043,
      "max": 0.17333333333333334
    },
    "pct_neutral": {
      "mean": 0.037810874821141635,
      "std": 0.013678367260689966,
      "min": 0.0,
      "max": 0.0967741935483871
    },
    "pct_positive": {
      "mean": 0.5509964462195773,
      "std": 0.03339748122365075,
      "min": 0.41975308641975306,
      "max": 0.6923076923076923
    },
    "hopelessness_density": {
      "mean": 0.0012255907771594639,
      "std": 0.00038573579079104593,
      "min": 0.00011561154067170759,
      "max": 0.003401338039107607
    },
    "help_seeking_density": {
      "mean": 0.002156899635690238,
      "std": 0.0006002824267481611,
      "min": 0.0006431324823839008,
      "max": 0.005494720377355633
    },
    "distress_density": {
      "mean": 0.00913690384915651,
      "std": 0.0015446209067662897,
      "min": 0.005576723707120198,
      "max": 0.01694591297442591
    },
    "post_volume": {
      "mean": 716.8450704225352,
      "std": 567.7635540699582,
      "min": 60.0,
      "max": 2359.0
    },
    "avg_comments": {
      "mean": 0.0,
      "std": 0.0,
      "min": 0.0,
      "max": 0.0
    },
    "unique_posters": {
      "mean": 567.0366197183099,
      "std": 408.52887001809177,
      "min": 60.0,
      "max": 1620.0
    },
    "new_poster_ratio": {
      "mean": 0.7074078461494142,
      "std": 0.1341348402679621,
      "min": 0.536036036036036,
      "max": 1.0
    },
    "posting_time_entropy": {
      "mean": 2.3688531892663134,
      "std": 1.3354885600970412,
      "min": 0.0,
      "max": 3.160957754194919
    },
    "dominant_topic": {
      "mean": 0.0,
      "std": 0.0,
      "min": 0.0,
      "max": 0.0
    },
    "topic_entropy": {
      "mean": 0.0,
      "std": 0.0,
      "min": 0.0,
      "max": 0.0
    },
    "topic_shift_jsd": {
      "mean": 0.0,
      "std": 0.0,
      "min": 0.0,
      "max": 0.0
    },
    "avg_word_count_delta": {
      "mean": -0.07019050759405922,
      "std": 16.55056381227356,
      "min": -100.22480964111753,
      "max": 100.76034043108228
    },
    "std_word_count_delta": {
      "mean": -0.033519916057551516,
      "std": 61.027520190628266,
      "min": -492.39087974256404,
      "max": 499.9534887208388
    },
    "avg_char_count_delta": {
      "mean": -0.3495136785695483,
      "std": 88.96538862716828,
      "min": -606.0733359594327,
      "max": 610.2825760589558
    },
    "avg_type_token_ratio_delta": {
      "mean": 7.561420559986333e-05,
      "std": 0.012988845019335227,
      "min": -0.0529920679263054,
      "max": 0.041676415341409756
    },
    "avg_flesch_kincaid_delta": {
      "mean": 0.002584301600213536,
      "std": 9.256052710895498,
      "min": -122.75353161201392,
      "max": 122.97841999236947
    },
    "first_person_singular_ratio_delta": {
      "mean": -1.1410330399539653e-05,
      "std": 0.0034687492603705816,
      "min": -0.011866841077626311,
      "max": 0.013595058533052845
    },
    "first_person_plural_ratio_delta": {
      "mean": -1.3394807948094864e-06,
      "std": 0.0009037086159019768,
      "min": -0.00381571372593717,
      "max": 0.004158329976602078
    },
    "avg_compound_delta": {
      "mean": 0.00022163339747317349,
      "std": 0.06441528349199793,
      "min": -0.281715179252479,
      "max": 0.2625607921511628
    },
    "avg_positive_delta": {
      "mean": 1.7473196448017254e-05,
      "std": 0.006912135790505845,
      "min": -0.022787433155080222,
      "max": 0.025385978337650106
    },
    "avg_negative_delta": {
      "mean": -7.78440463754401e-06,
      "std": 0.0070797617228562475,
      "min": -0.026517396184062847,
      "max": 0.03299384381851915
    },
    "avg_neutral_delta": {
      "mean": -9.537357926825262e-06,
      "std": 0.007439625471326338,
      "min": -0.029522220102994545,
      "max": 0.021387639268446668
    },
    "pct_very_negative_delta": {
      "mean": -0.0001901790439667317,
      "std": 0.03815901059793224,
      "min": -0.23074127906976744,
      "max": 0.15102974828375285
    },
    "pct_negative_delta": {
      "mean": 2.8659068319020755e-06,
      "std": 0.023946673041813523,
      "min": -0.1292156862745098,
      "max": 0.10406476640242875
    },
    "pct_neutral_delta": {
      "mean": 9.767833837571957e-05,
      "std": 0.016024261851894345,
      "min": -0.0967741935483871,
      "max": 0.0967741935483871
    },
    "pct_positive_delta": {
      "mean": 8.963479875910981e-05,
      "std": 0.040581307464574,
      "min": -0.1965761511216057,
      "max": 0.1403921568627451
    },
    "hopelessness_density_delta": {
      "mean": 1.4773834708339431e-06,
      "std": 0.000530507421634582,
      "min": -0.002815608356606399,
      "max": 0.0024501112449888136
    },
    "help_seeking_density_delta": {
      "mean": 4.612604081865308e-06,
      "std": 0.000768728697932455,
      "min": -0.0026026650651244767,
      "max": 0.004851587894971732
    },
    "distress_density_delta": {
      "mean": 5.755330960347294e-07,
      "std": 0.0016475036754454225,
      "min": -0.006292339632462065,
      "max": 0.00611332506156236
    },
    "post_volume_delta": {
      "mean": 4.033802816901408,
      "std": 87.47315317546398,
      "min": -356.0,
      "max": 509.0
    },
    "avg_comments_delta": {
      "mean": 0.0,
      "std": 0.0,
      "min": 0.0,
      "max": 0.0
    },
    "unique_posters_delta": {
      "mean": 2.8563380281690143,
      "std": 66.89712299978322,
      "min": -313.0,
      "max": 359.0
    },
    "new_poster_ratio_delta": {
      "mean": -0.001130253620928405,
      "std": 0.04049787480955758,
      "min": -0.2597402597402597,
      "max": 0.14525209246711834
    },
    "posting_time_entropy_delta": {
      "mean": 0.008838783786121126,
      "std": 0.2575746741937781,
      "min": -1.8639932850575367,
      "max": 3.0728773525448787
    },