{
  "subreddit": "mentalhealth",
  "features": {
    "avg_word_count": {
      "mean": 217.12298721560185,
      "std": 17.34136389645211,
      "min": 83.5,
      "max": 279.39086294416245
    },
    "std_word_count": {
      "mean": 230.00650713657188,
      "std": 44.89717093708951,
      "min": 56.01115960235067,
      "max": 406.20145835080814
    },
    "avg_char_count": {
      "mean": 1136.8409002254657,
      "std": 93.35316658584748,
      "min": 458.5,
      "max": 1474.274111675127
    },
    "avg_type_token_ratio": {
      "mean": 0.6722836479456322,
      "std": 0.011373527598372027,
      "min": 0.6358631291771316,
      "max": 0.7701579462877453
    },
    "avg_flesch_kincaid": {
      "mean": 9.07347801488804,
      "std": 0.6464967289712246,
      "min": 6.361478773129404,
      "max": 12.224079000746162
    },
    "first_person_singular_ratio": {
      "mean": 0.08805340482383105,
      "std": 0.005376755481702993,
      "min": 0.03739632762533526,
      "max": 0.09659891285097919
    },
    "first_person_plural_ratio": {
      "mean": 0.0023720683909642074,
      "std": 0.00039426883110980936,
      "min": 0.0,
      "max": 0.003510928663356406
    },
    "avg_compound": {
      "mean": -0.18476329253630122,
      "std": 0.04271228213410726,
      "min": -0.31873797468354437,
      "max": 0.22126666666666664
    },
    "avg_positive": {
      "mean": 0.11114108194425072,
      "std": 0.0032456045625247902,
      "min": 0.09974999999999999,
      "max": 0.12108514190317196
    },
    "avg_negative": {
      "mean": 0.1315741357274695,
      "std": 0.004292138468101217,
      "min": 0.09149999999999998,
      "max": 0.1410546875
    },
    "avg_neutral": {
      "mean": 0.7572857536231444,
      "std": 0.005211456965050273,
      "min": 0.7453099415204679,
      "max": 0.8003333333333335
    },
    "pct_very_negative": {
      "mean": 0.5049802522608768,
      "std": 0.03173795118370418,
      "min": 0.16666666666666666,
      "max": 0.596078431372549
    },
    "pct_negative": {
      "mean": 0.08456795118161604,
      "std": 0.012420859265136749,
      "min": 0.0,
      "max": 0.16666666666666666
    },
    "pct_neutral": {
      "mean": 0.02330043213480316,
      "std": 0.011679022267153913,
      "min": 0.0,
      "max": 0.16666666666666666
    },
    "pct_positive": {
      "mean": 0.38715136442270387,
      "std": 0.02259672155319611,
      "min": 0.3037974683544304,
      "max": 0.5
    },
    "hopelessness_density": {
      "mean": 0.001006636841521212,
      "std": 0.00018108546389839425,
      "min": 0.0,
      "max": 0.0015721355661491043
    },
    "help_seeking_density": {
      "mean": 0.005589370301109939,
      "std": 0.0008710311067866342,
      "min": 0.0,
      "max": 0.008309057004803229
    },
    "distress_density": {
      "mean": 0.010174456585508088,
      "std": 0.0012100322491285156,
      "min": 0.0022624434389140274,
      "max": 0.016651178227680054
    },
    "post_volume": {
      "mean": 1109.174647887324,
      "std": 573.2413222018704,
      "min": 4.0,
      "max": 2211.0
    },
    "avg_comments": {
      "mean": 0.0,
      "std": 0.0,
      "min": 0.0,
      "max": 0.0
    },
    "unique_posters": {
      "mean": 991.0197183098592,
      "std": 515.8482752834545,
      "min": 3.0,
      "max": 2011.0
    },
    "new_poster_ratio": {
      "mean": 0.7569907441991851,
      "std": 0.1133408453912702,
      "min": 0.0,
      "max": 1.0
    },
    "posting_time_entropy": {
      "mean": 2.38048864195927,
      "std": 1.343403191710854,
      "min": 0.0,
      "max": 3.1629787600515717
    },
    "dominant_topic": {
      "mean": 0.0,
      "std": 0.0,
      "min": 0.0,
      "max": 0.0
    },
    "topic_entropy": {
      "mean": 0.0,
      "std": 0.0,
      "min": 0.0,
      "max": 0.0
    },
    "topic_shift_jsd": {
      "mean": 0.0,
      "std": 0.0,
      "min": 0.0,
      "max": 0.0
    },
    "avg_word_count_delta": {
      "mean": -0.11932355297020321,
      "std": 15.78016457566986,
      "min": -135.3954802259887,
      "max": 88.04782608695652
    },
    "std_word_count_delta": {
      "mean": -0.1385088829935547,
      "std": 43.38477670906535,
      "min": -200.9809947883357,
      "max": 141.1278993030753
    },
    "avg_char_count_delta": {
      "mean": -0.6759438972122972,
      "std": 81.37506267557463,
      "min": -686.768361581921,
      "max": 457.28695652173906
    },
    "avg_type_token_ratio_delta": {
      "mean": 4.870341013703703e-05,
      "std": 0.00978750502895647,
      "min": -0.07225717262071873,
      "max": 0.09097326299137687
    },
    "avg_flesch_kincaid_delta": {
      "mean": 0.004706450596493383,
      "std": 0.633872795393406,
      "min": -5.72201122419564,
      "max": 3.113303777882793
    },
    "first_person_singular_ratio_delta": {
      "mean": 4.1745972138192944e-05,
      "std": 0.004678827896567282,
      "min": -0.0521192226788271,
      "max": 0.05366960605331352
    },
    "first_person_plural_ratio_delta": {
      "mean": -1.5451216096747166e-06,
      "std": 0.00042196435455803835,
      "min": -0.0018388121376882757,
      "max": 0.002087875569377391
    },
    "avg_compound_delta": {
      "mean": -1.4590728017659622e-06,
      "std": 0.053230572060910565,
      "min": -0.39946666666666664,
      "max": 0.38375941619585685
    },
    "avg_positive_delta": {
      "mean": -1.1319496103915784e-05,
      "std": 0.0036857782934750873,
      "min": -0.01262224764810578,
      "max": 0.011991937684164566
    },
    "avg_negative_delta": {
      "mean": 2.4250148658905915e-05,
      "std": 0.004822152092840328,
      "min": -0.037365348399246726,
      "max": 0.03259637681159419
    },
    "avg_neutral_delta": {
      "mean": -1.2968662461915428e-05,
      "std": 0.00563619607159228,
      "min": -0.03629637681159403,
      "max": 0.04308380414312618
    },
    "pct_very_negative_delta": {
      "mean": -7.24843284796071e-05,
      "std": 0.03769049598882853,
      "min": -0.32485875706214695,
      "max": 0.33333333333333337
    },
    "pct_negative_delta": {
      "mean": 4.193745974000435e-05,
      "std": 0.017497357444040233,
      "min": -0.16666666666666666,
      "max": 0.08097928436911486
    },
    "pct_neutral_delta": {
      "mean": 4.3684567296829105e-05,
      "std": 0.013999046440299506,
      "min": -0.16666666666666666,
      "max": 0.13559322033898305
    },
    "pct_positive_delta": {
      "mean": -1.3137698557226146e-05,
      "std": 0.029116003607577545,
      "min": -0.1492753623188406,
      "max": 0.13945578231292516
    },
    "hopelessness_density_delta": {
      "mean": 1.0649540137949922e-07,
      "std": 0.0002264103186768539,
      "min": -0.000843782295610064,
      "max": 0.0011534909692899429
    },
    "help_seeking_density_delta": {
      "mean": -4.689759140389631e-06,
      "std": 0.0007439020368076425,
      "min": -0.0036231884057971015,
      "max": 0.005193009617848428
    },
    "distress_density_delta": {
      "mean": 1.6310039005519437e-06,
      "std": 0.001234093025994513,
      "min": -0.014388734788766027,
      "max": 0.00698542973882974
    },
    "post_volume_delta": {
      "mean": 4.650704225352112,
      "std": 151.56215453521295,
      "min": -1056.0,
      "max": 538.0
    },
    "avg_comments_delta": {
      "mean": 0.0,
      "std": 0.0,
      "min": 0.0,
      "max": 0.0
    },
    "unique_posters_delta": {
      "mean": 4.118309859154929,
      "std": 133.14748026140117,
      "min": -956.0,
      "max": 494.0
    },
    "new_poster_ratio_delta": {
      "mean": -0.0008060259235364599,
      "std": 0.05169663864244036,
      "min": -0.48366285119667013,
      "max": 0.6332288401253918
    },
    "posting_time_entropy_delta": {
      "mean": 0.008886857494643564,
      "std": 0.2936964229905428,
      "min": -2.333993069951809,
      "max": 3.136166826644201
    },
    "topic_entropy_delta": {
      "mean": 0.0,
      "std": 0.0,
      "min": 0.0,
      "max": 0.0
    },