{
  "type": "platt",
  "coef": 0.4040057788618947,
  "intercept": 1.2862446198351298
}