{
  "type": "platt",
  "coef": 0.19748679572167105,
  "intercept": 1.3810536550894699
}