{
  "subreddit": "mentalhealth",
  "features": {
    "avg_word_count": {
      "mean": 212.09287731983196,
      "std": 38.33154039124935,
      "min": 0.0,
      "max": 279.39086294416245
    },
    "std_word_count": {
      "mean": 226.34043851265403,
      "std": 56.459859198678785,
      "min": 0.0,
      "max": 406.20145835080814
    },
    "avg_char_count": {
      "mean": 1110.6043248400779,
      "std": 201.84174346083913,
      "min": 0.0,
      "max": 1474.274111675127
    },
    "avg_type_token_ratio": {
      "mean": 0.6552588764770017,
      "std": 0.10659207699275432,
      "min": 0.0,
      "max": 0.7701579462877453
    },
    "avg_flesch_kincaid": {
      "mean": 8.823385514202451,
      "std": 1.561717624525851,
      "min": 0.0,
      "max": 12.224079000746162
    },
    "first_person_singular_ratio": {
      "mean": 0.08565625104436445,
      "std": 0.014832670755081614,
      "min": 0.0,
      "max": 0.09659891285097919
    },
    "first_person_plural_ratio": {
      "mean": 0.0023165790352970245,
      "std": 0.0005428902657294911,
      "min": 0.0,
      "max": 0.003510928663356406
    },
    "avg_compound": {
      "mean": -0.17973015756724944,
      "std": 0.051643589926710566,
      "min": -0.31873797468354437,
      "max": 0.22126666666666664
    },
    "avg_positive": {
      "mean": 0.10831406768366131,
      "std": 0.01781673827828932,
      "min": 0.0,
      "max": 0.12108514190317196
    },
    "avg_negative": {
      "mean": 0.12813858443897816,
      "std": 0.021157588494632628,
      "min": 0.0,
      "max": 0.1410546875
    },
    "avg_neutral": {
      "mean": 0.73812454987584,
      "std": 0.11949886202972959,
      "min": 0.0,
      "max": 0.8003333333333335
    },
    "pct_very_negative": {
      "mean": 0.4918605500521605,
      "std": 0.08564661299189891,
      "min": 0.0,
      "max": 0.596078431372549
    },
    "pct_negative": {
      "mean": 0.08237617082389555,
      "std": 0.018194962000795883,
      "min": 0.0,
      "max": 0.16666666666666666
    },
    "pct_neutral": {
      "mean": 0.02277934476342606,
      "std": 0.012241194363511738,
      "min": 0.0,
      "max": 0.16666666666666666
    },
    "pct_positive": {
      "mean": 0.3775602055469586,
      "std": 0.0650913451516739,
      "min": 0.0,
      "max": 0.5
    },
    "hopelessness_density": {
      "mean": 0.0008244059250382414,
      "std": 0.00021821163359798837,
      "min": 0.0,
      "max": 0.0014660773195333651
    },
    "help_seeking_density": {
      "mean": 0.005135658176923481,
      "std": 0.0011972009038606257,
      "min": 0.0,
      "max": 0.007837704015503261
    },
    "distress_density": {
      "mean": 0.009263440737625113,
      "std": 0.0018987624565235503,
      "min": 0.0,
      "max": 0.016651178227680054
    },
    "suicidality_total": {
      "mean": 204.7683615819209,
      "std": 93.19830217741492,
      "min": 0.0,
      "max": 435.0
    },
    "isolation_total": {
      "mean": 304.9180790960452,
      "std": 184.76059560744417,
      "min": 0.0,
      "max": 779.0
    },
    "economic_stress_total": {
      "mean": 84.74293785310735,
      "std": 51.29621822131879,
      "min": 0.0,
      "max": 249.0
    },
    "domestic_stress_total": {
      "mean": 15.48870056497175,
      "std": 9.676708229526012,
      "min": 0.0,
      "max": 59.0
    },
    "post_volume": {
      "mean": 1055.6129943502824,
      "std": 578.8707527470267,
      "min": 0.0,
      "max": 2211.0
    },
    "avg_comments": {
      "mean": 0.0,
      "std": 0.0,
      "min": 0.0,
      "max": 0.0
    },
    "unique_posters": {
      "mean": 942.4717514124294,
      "std": 519.6909089476322,
      "min": 0.0,
      "max": 2011.0
    },
    "new_poster_ratio": {
      "mean": 0.739289245031117,
      "std": 0.16459814798787978,
      "min": 0.0,
      "max": 1.0
    },
    "posting_time_entropy": {
      "mean": 2.298166798887704,
      "std": 1.389479248155969,
      "min": 0.0,
      "max": 3.1629787600515717
    },
    "dominant_topic": {
      "mean": 0.0,
      "std": 0.0,
      "min": 0.0,
      "max": 0.0
    },
    "topic_entropy": {
      "mean": 0.0,
      "std": 0.0,
      "min": 0.0,
      "max": 0.0
    },
    "topic_shift_jsd": {
      "mean": 0.0,
      "std": 0.0,
      "min": 0.0,
      "max": 0.0
    },
    "avg_word_count_delta": {
      "mean": -0.1216058694591201,
      "std": 28.076696412937913,
      "min": -225.7405063291139,
      "max": 220.63800904977376
    },
    "std_word_count_delta": {
      "mean": -0.16195031089433476,
      "std": 48.356719163422945,
      "min": -200.9809947883357,
      "max": 222.08641505027333
    },
    "avg_char_count_delta": {
      "mean": -0.69210884474109,
      "std": 146.97602902657832,
      "min": -1196.1455696202531,
      "max": 1173.2714932126696
    },
    "avg_type_token_ratio_delta": {
      "mean": 3.529477435898142e-05,
      "std": 0.071785935060677,
      "min": -0.6610006182733918,
      "max": 0.6810499104732985
    },
    "avg_flesch_kincaid_delta": {
      "mean": 0.00440875473891065,
      "std": 1.0995110344661374,
      "min": -8.730517617217831,
      "max": 8.374181375155882
    },
    "first_person_singular_ratio_delta": {
      "mean": 4.203713271952831e-05,
      "std": 0.010327241247656006,
      "min": -0.0923696949456944,
      "max": 0.08775811463704343
    },
    "first_person_plural_ratio_delta": {
      "mean": -6.504723683306382e-07,
      "std": 0.00046111867465065175,
      "min": -0.002026800815552234,
      "max": 0.002087875569377391
    },
    "avg_compound_delta": {
      "mean": 5.9890952640711905e-05,
      "std": 0.05788253290040217,
      "min": -0.39946666666666664,
      "max": 0.38375941619585685
    },
    "avg_positive_delta": {
      "mean": -7.077820972304644e-06,
      "std": 0.012327568500311012,
      "min": -0.11760818713450295,
      "max": 0.11100420168067228
    },
    "avg_negative_delta": {
      "mean": 1.1231404128050551e-05,
      "std": 0.015156578512545045,
      "min": -0.13708479532163745,
      "max": 0.13668067226890757
    },
    "avg_neutral_delta": {
      "mean": -4.2966098817838e-06,
      "std": 0.0805139484107744,
      "min": -0.7572911392405063,
      "max": 0.7630678733031675
    },
    "pct_very_negative_delta": {
      "mean": -0.00010284953449362054,
      "std": 0.0669175668530831,
      "min": -0.5886075949367089,
      "max": 0.5336134453781513
    },
    "pct_negative_delta": {
      "mean": 3.0125401268426758e-05,
      "std": 0.020349879983859252,
      "min": -0.16666666666666666,
      "max": 0.09523809523809523
    },
    "pct_neutral_delta": {
      "mean": 5.2506668346880045e-05,
      "std": 0.014145734865989364,
      "min": -0.16666666666666666,
      "max": 0.13559322033898305
    },
    "pct_positive_delta": {
      "mean": 2.0217464878313524e-05,
      "std": 0.048068567034734756,
      "min": -0.3713450292397661,
      "max": 0.416289592760181
    },
    "hopelessness_density_delta": {
      "mean": -3.3686184531941854e-07,
      "std": 0.00022720562068060264,
      "min": -0.000876151812168785,
      "max": 0.0010300695815601173
    },
    "help_seeking_density_delta": {
      "mean": -3.917562177514414e-06,
      "std": 0.000979498411908954,
      "min": -0.006395272652579091,
      "max": 0.0065712187877438035
    },
    "distress_density_delta": {
      "mean": 2.33662989107121e-06,
      "std": 0.0016560137380083955,
      "min": -0.014388734788766027,
      "max": 0.010562231358358843
    },
    "suicidality_total_delta": {
      "mean": 0.5112994350282486,
      "std": 50.31815082607842,
      "min": -219.0,
      "max": 188.0
    },
    "isolation_total_delta": {
      "mean": 1.6751412429378532,
      "std": 61.173223632893915,
      "min": -255.0,
      "max": 229.0
    },
    "economic_stress_total_delta": {
      "mean": 0.4096045197740113,
      "std": 22.694647966031017,
      "min": -91.0,
      "max": 82.0
    },