{
  "type": "platt",
  "coef": 1.3118496341446353,
  "intercept": 0.9391363191895978
}