{
  "subreddit": "suicidewatch",
  "features": {
    "avg_word_count": {
      "mean": 165.03692143166177,
      "std": 31.48039534063242,
      "min": 0.0,
      "max": 215.1103896103896
    },
    "std_word_count": {
      "mean": 197.47600043980108,
      "std": 45.414892273633846,
      "min": 0.0,
      "max": 386.4726260178906
    },
    "avg_char_count": {
      "mean": 843.5541984172463,
      "std": 161.55632446108908,
      "min": 0.0,
      "max": 1105.3103896103896
    },
    "avg_type_token_ratio": {
      "mean": 0.6860429059540961,
      "std": 0.11776944155452618,
      "min": 0.0,
      "max": 0.7349371291646327
    },
    "avg_flesch_kincaid": {
      "mean": 7.628022356678507,
      "std": 1.4631561587067228,
      "min": 0.0,
      "max": 12.585215676807259
    },
    "first_person_singular_ratio": {
      "mean": 0.09873810238403546,
      "std": 0.017008159927379057,
      "min": 0.0,
      "max": 0.11107075695407578
    },
    "first_person_plural_ratio": {
      "mean": 0.0014769912153316743,
      "std": 0.00032547911363364177,
      "min": 0.0,
      "max": 0.0025968013248295996
    },
    "avg_compound": {
      "mean": -0.39686423484615885,
      "std": 0.07207127125133773,
      "min": -0.4984094249201278,
      "max": 0.0
    },
    "avg_positive": {
      "mean": 0.10876500714814237,
      "std": 0.01873152304899226,
      "min": 0.0,
      "max": 0.12396744186046511
    },
    "avg_negative": {
      "mean": 0.16679002908082505,
      "std": 0.028669924416630695,
      "min": 0.0,
      "max": 0.18239999999999998
    },
    "avg_neutral": {
      "mean": 0.6961957935092569,
      "std": 0.11894827868788196,
      "min": 0.0,
      "max": 0.7286899563318777
    },
    "pct_very_negative": {
      "mean": 0.6049134647907659,
      "std": 0.10518856664661512,
      "min": 0.0,
      "max": 0.6961602671118531
    },
    "pct_negative": {
      "mean": 0.08883716290252579,
      "std": 0.01819164641213977,
      "min": 0.0,
      "max": 0.12545676004872108
    },
    "pct_neutral": {
      "mean": 0.02752958369292866,
      "std": 0.008865367730123707,
      "min": 0.0,
      "max": 0.046132008516678494
    },
    "pct_positive": {
      "mean": 0.25047120104315823,
      "std": 0.04486922117388266,
      "min": 0.0,
      "max": 0.29942528735632185
    },
    "hopelessness_density": {
      "mean": 0.0024610825767306613,
      "std": 0.0004999011262618188,
      "min": 0.0,
      "max": 0.003797952814000141
    },
    "help_seeking_density": {
      "mean": 0.0026190045617533715,
      "std": 0.0006476518888833309,
      "min": 0.0,
      "max": 0.005381260071090699
    },
    "distress_density": {
      "mean": 0.007371057538206266,
      "std": 0.001369594927661533,
      "min": 0.0,
      "max": 0.009925156369278326
    },
    "suicidality_total": {
      "mean": 1011.4632768361582,
      "std": 449.1988651595416,
      "min": 0.0,
      "max": 2105.0
    },
    "isolation_total": {
      "mean": 475.1271186440678,
      "std": 244.39293628871843,
      "min": 0.0,
      "max": 1121.0
    },
    "economic_stress_total": {
      "mean": 154.8276836158192,
      "std": 86.4888027385727,
      "min": 0.0,
      "max": 420.0
    },
    "domestic_stress_total": {
      "mean": 18.005649717514125,
      "std": 10.197759669059153,
      "min": 0.0,
      "max": 45.0
    },
    "post_volume": {
      "mean": 1456.635593220339,
      "std": 762.7209418283147,
      "min": 0.0,
      "max": 3173.0
    },
    "avg_comments": {
      "mean": 0.0,
      "std": 0.0,
      "min": 0.0,
      "max": 0.0
    },
    "unique_posters": {
      "mean": 1236.9604519774011,
      "std": 628.6284531760961,
      "min": 0.0,
      "max": 2633.0
    },
    "new_poster_ratio": {
      "mean": 0.6940473431218958,
      "std": 0.16785713351608264,
      "min": 0.0,
      "max": 1.0
    },
    "posting_time_entropy": {
      "mean": 2.3043526054282877,
      "std": 1.3887144203884731,
      "min": 0.0,
      "max": 3.1586879324315413
    },
    "dominant_topic": {
      "mean": 0.0,
      "std": 0.0,
      "min": 0.0,
      "max": 0.0
    },
    "topic_entropy": {
      "mean": 0.0,
      "std": 0.0,
      "min": 0.0,
      "max": 0.0
    },
    "topic_shift_jsd": {
      "mean": 0.0,
      "std": 0.0,
      "min": 0.0,
      "max": 0.0
    },
    "avg_word_count_delta": {
      "mean": -0.08192760729057871,
      "std": 25.896331701209157,
      "min": -192.0940499040307,
      "max": 200.92
    },
    "std_word_count_delta": {
      "mean": 0.0010057858697341332,
      "std": 48.31988402034009,
      "min": -386.4726260178906,
      "max": 230.9691096229104
    },
    "avg_char_count_delta": {
      "mean": -0.42783441250220305,
      "std": 132.60503767234312,
      "min": -983.8771593090211,
      "max": 1029.7344
    },
    "avg_type_token_ratio_delta": {
      "mean": 8.89566126003277e-05,
      "std": 0.09083464219570123,
      "min": -0.7090227844992564,
      "max": 0.7044257171139162
    },
    "avg_flesch_kincaid_delta": {
      "mean": 0.002850605461335746,
      "std": 1.3000619846173436,
      "min": -12.585215676807259,
      "max": 7.535221092145769
    },
    "first_person_singular_ratio_delta": {
      "mean": 8.71430482448222e-06,
      "std": 0.013099677408720962,
      "min": -0.10108003458178992,
      "max": 0.10067029175450125
    },
    "first_person_plural_ratio_delta": {
      "mean": -4.1838912397819073e-07,
      "std": 0.00033447885695920215,
      "min": -0.0016681590570161008,
      "max": 0.0019689724174770428
    },
    "avg_compound_delta": {
      "mean": 7.853844382794216e-05,
      "std": 0.05945029685669027,
      "min": -0.41342752,
      "max": 0.45567312859884834
    },
    "avg_positive_delta": {
      "mean": -1.982115626787378e-05,
      "std": 0.015118821458589875,
      "min": -0.1145315789473684,
      "max": 0.117971477960242
    },
    "avg_negative_delta": {
      "mean": -2.6948371789451664e-06,
      "std": 0.0226497948626816,
      "min": -0.17319577735124764,
      "max": 0.17466119273984443
    },
    "avg_neutral_delta": {
      "mean": 2.2579708622931806e-05,
      "std": 0.09325277127153501,
      "min": -0.7172245681381957,
      "max": 0.7186127999999999
    },
    "pct_very_negative_delta": {
      "mean": -9.33133564429283e-05,
      "std": 0.08414448349823389,
      "min": -0.6602687140115163,
      "max": 0.6352
    },
    "pct_negative_delta": {
      "mean": 5.020134860205396e-05,
      "std": 0.015892997261159673,
      "min": -0.07869481765834933,
      "max": 0.09177820267686425
    },
    "pct_neutral_delta": {
      "mean": 5.2440664586219206e-05,
      "std": 0.007813914342569433,
      "min": -0.02631578947368421,
      "max": 0.026529108327192335
    },
    "pct_positive_delta": {
      "mean": -9.328656745345006e-06,
      "std": 0.039779349162041726,
      "min": -0.28421052631578947,
      "max": 0.2843560933448574
    },
    "hopelessness_density_delta": {
      "mean": -1.5948868315371558e-06,
      "std": 0.0004953737241760176,
      "min": -0.0031060753849997775,
      "max": 0.0027224078555860023
    },
    "help_seeking_density_delta": {
      "mean": -1.0515427032610018e-06,
      "std": 0.0006739225678071307,
      "min": -0.005381260071090699,
      "max": 0.003689630379872956
    },
    "distress_density_delta": {
      "mean": -1.1966985831438115e-06,
      "std": 0.0011633753855395325,
      "min": -0.008922762884171119,
      "max": 0.007986836931947907
    },
    "suicidality_total_delta": {
      "mean": 2.57909604519774,
      "std": 186.55944290607263,
      "min": -878.0,
      "max": 917.0
    },
    "isolation_total_delta": {
      "mean": 1.4576271186440677,
      "std": 84.2135734991236,
      "min": -343.0,
      "max": 416.0
    },
    "economic_stress_total_delta": {
      "mean": 0.5338983050847458,
      "std": 34.533889141070674,
      "min": -111.0,
      "max": 124.0
    },