{
  "type": "platt",
  "coef": -0.0007721097134001606,
  "intercept": 2.8191728250807797
}