{
  "type": "platt",
  "coef": 0.009775380103769727,
  "intercept": 2.8140508137601574
}