{
  "type": "platt",
  "coef": 0.6099805825320764,
  "intercept": 2.7117515577358806
}