{
  "type": "platt",
  "coef": 1.1375943878251105,
  "intercept": 2.394779602249639
}