{
  "subreddit": "suicidewatch",
  "features": {
    "avg_word_count": {
      "mean": 169.54517700681006,
      "std": 14.184273966619081,
      "min": 140.45967110415035,
      "max": 215.1103896103896
    },
    "std_word_count": {
      "mean": 203.23180023571638,
      "std": 30.579989623048448,
      "min": 147.3945748001917,
      "max": 386.4726260178906
    },
    "avg_char_count": {
      "mean": 866.5341381045278,
      "std": 73.9797665107516,
      "min": 718.4643696162882,
      "max": 1105.3103896103896
    },
    "avg_type_token_ratio": {
      "mean": 0.7063308489069964,
      "std": 0.012411922499064268,
      "min": 0.6648915097711205,
      "max": 0.7349371291646327
    },
    "avg_flesch_kincaid": {
      "mean": 7.8636980435665205,
      "std": 0.6732946009832579,
      "min": 6.2563058279847885,
      "max": 12.585215676807262
    },
    "first_person_singular_ratio": {
      "mean": 0.10166852842023535,
      "std": 0.00228561625004348,
      "min": 0.09498327128315048,
      "max": 0.11107075695407578
    },
    "first_person_plural_ratio": {
      "mean": 0.001518689333557621,
      "std": 0.00020797861467080215,
      "min": 0.0007803072760679779,
      "max": 0.0025968013248295996
    },
    "avg_compound": {
      "mean": -0.4078608203614653,
      "std": 0.024852211805229125,
      "min": -0.4984094249201279,
      "max": -0.3334905172413793
    },
    "avg_positive": {
      "mean": 0.11188946094970821,
      "std": 0.002474000910550041,
      "min": 0.10614181286549708,
      "max": 0.12396744186046511
    },
    "avg_negative": {
      "mean": 0.1715508075384621,
      "std": 0.0033726745175387245,
      "min": 0.15940611353711792,
      "max": 0.18239999999999998
    },
    "avg_neutral": {
      "mean": 0.716559234185842,
      "std": 0.0044453010756370604,
      "min": 0.7040486111111111,
      "max": 0.7286899563318778
    },
    "pct_very_negative": {
      "mean": 0.6218262037751972,
      "std": 0.020384815600965712,
      "min": 0.5775862068965517,
      "max": 0.6961602671118531
    },
    "pct_negative": {
      "mean": 0.09164782853193319,
      "std": 0.010169624096203974,
      "min": 0.05555555555555555,
      "max": 0.12545676004872108
    },
    "pct_neutral": {
      "mean": 0.02868230028999416,
      "std": 0.00785371860885774,
      "min": 0.0,
      "max": 0.05389867049946101
    },
    "pct_positive": {
      "mean": 0.25784366740287556,
      "std": 0.013634653042806628,
      "min": 0.20253164556962025,
      "max": 0.29942528735632185
    },
    "hopelessness_density": {
      "mean": 0.0026895293864631336,
      "std": 0.0002804086433785433,
      "min": 0.0020032973309596293,
      "max": 0.003907802928491622
    },
    "help_seeking_density": {
      "mean": 0.002860649888557715,
      "std": 0.000473161573933335,
      "min": 0.0019896945774820775,
      "max": 0.005472155338366851
    },
    "distress_density": {
      "mean": 0.008004010191074091,
      "std": 0.000558167810603346,
      "min": 0.006563186819156885,
      "max": 0.010601642645502323
    },
    "post_volume": {
      "mean": 1533.8248587570622,
      "std": 749.8144607918589,
      "min": 142.0,
      "max": 3173.0
    },
    "avg_comments": {
      "mean": 0.0,
      "std": 0.0,
      "min": 0.0,
      "max": 0.0
    },
    "unique_posters": {
      "mean": 1302.2909604519773,
      "std": 616.8990097171576,
      "min": 142.0,
      "max": 2633.0
    },
    "new_poster_ratio": {
      "mean": 0.7115171333790156,
      "std": 0.11994740500250728,
      "min": 0.591,
      "max": 1.0
    },
    "posting_time_entropy": {
      "mean": 2.3932573633538055,
      "std": 1.338021532617239,
      "min": 0.0,
      "max": 3.1586879324315413
    },
    "dominant_topic": {
      "mean": 0.0,
      "std": 0.0,
      "min": 0.0,
      "max": 0.0
    },
    "topic_entropy": {
      "mean": 0.0,
      "std": 0.0,
      "min": 0.0,
      "max": 0.0
    },
    "topic_shift_jsd": {
      "mean": 0.0,
      "std": 0.0,
      "min": 0.0,
      "max": 0.0
    },
    "avg_word_count_delta": {
      "mean": -0.04794141547494888,
      "std": 10.54622228969196,
      "min": -40.37178861788618,
      "max": 37.51788583509514
    },
    "std_word_count_delta": {
      "mean": 0.04703479895529058,
      "std": 37.807210825362766,
      "min": -178.69226848088795,
      "max": 227.9284657062127
    },
    "avg_char_count_delta": {
      "mean": -0.2535992672352973,
      "std": 54.26644666504995,
      "min": -206.94065040650412,
      "max": 196.49007953287037
    },
    "avg_type_token_ratio_delta": {
      "mean": 7.612098811398297e-05,
      "std": 0.007760831785638584,
      "min": -0.02938051049082746,
      "max": 0.03325221885326435
    },
    "avg_flesch_kincaid_delta": {
      "mean": 0.0038280490299363095,
      "std": 0.737969811655525,
      "min": -5.049994584661493,
      "max": 5.002195163760493
    },
    "first_person_singular_ratio_delta": {
      "mean": 8.8328664160434e-06,
      "std": 0.0022194467896128837,
      "min": -0.011003209758295926,
      "max": 0.010400465199574535
    },
    "first_person_plural_ratio_delta": {
      "mean": 5.744104880037628e-07,
      "std": 0.00026825989633900255,
      "min": -0.0012397212386926538,
      "max": 0.001089948970160702
    },
    "avg_compound_delta": {
      "mean": 0.00020675454010988978,
      "std": 0.027589386012141205,
      "min": -0.07721445091666168,
      "max": 0.08839492111937414
    },
    "avg_positive_delta": {
      "mean": -1.2808729717849452e-06,
      "std": 0.002929979424531173,
      "min": -0.015933415395436745,
      "max": 0.012503486222757168
    },
    "avg_negative_delta": {
      "mean": -1.2181011372285252e-05,
      "std": 0.003484456433427253,
      "min": -0.012309441233140622,
      "max": 0.010604021124060975
    },
    "avg_neutral_delta": {
      "mean": 1.3505853917645917e-05,
      "std": 0.004356864912771359,
      "min": -0.010923720904699175,
      "max": 0.013855092979293882
    },
    "pct_very_negative_delta": {
      "mean": -0.00017970379312484827,
      "std": 0.018925563825269148,
      "min": -0.0662984137901389,
      "max": 0.054811982154238326
    },
    "pct_negative_delta": {
      "mean": 7.289349972186652e-05,
      "std": 0.012365817763684403,
      "min": -0.051973979635180884,
      "max": 0.05155635955336535
    },
    "pct_neutral_delta": {
      "mean": 5.7368021684115695e-05,
      "std": 0.007392336716681437,
      "min": -0.0248565965583174,
      "max": 0.026529108327192335
    },
    "pct_positive_delta": {
      "mean": 4.9442271718865844e-05,
      "std": 0.01772369861625574,
      "min": -0.05722559675749306,
      "max": 0.05921332087333278
    },
    "hopelessness_density_delta": {
      "mean": -2.3526756407526566e-06,
      "std": 0.0003650290247383893,
      "min": -0.001185046782109284,
      "max": 0.0012916870568809124
    },
    "help_seeking_density_delta": {
      "mean": -1.072325323676948e-06,
      "std": 0.0005171897563239447,
      "min": -0.0022081056709089813,
      "max": 0.0028174486858357902
    },
    "distress_density_delta": {
      "mean": -8.646821743380089e-07,
      "std": 0.0006370210210900275,
      "min": -0.002114640815829426,
      "max": 0.0024846692107895058
    },
    "post_volume_delta": {
      "mean": 5.290960451977401,
      "std": 180.37021285611564,
      "min": -867.0,
      "max": 1018.0
    },
    "avg_comments_delta": {
      "mean": 0.0,
      "std": 0.0,
      "min": 0.0,
      "max": 0.0
    },
    "unique_posters_delta": {
      "mean": 4.076271186440678,
      "std": 157.35599505703888,
      "min": -867.0,
      "max": 967.0
    },
    "new_poster_ratio_delta": {
      "mean": -0.0011055435652082043,
      "std": 0.03030759697521922,
      "min": -0.2613976802471295,
      "max": 0.10097124357265286
    },
    "posting_time_entropy_delta": {
      "mean": 0.008904805486791087,
      "std": 0.26286728635639534,
      "min": -2.0741749264063727,